เลขประจำตัว,คำนำหน้า,ชื่อ-นามสกุล,ระดับชั้น,ห้อง,เลขที่,เบอร์โทรศัพท์,ครูที่ปรึกษา
66010,นาย,กิตติศักดิ์ มั่นคง,ม.1,1,1,0811112222,"ครูสมศักดิ์ รักเรียน, ครูสมศรี ใจดี"
66011,นางสาว,กานดา สวยงาม,ม.2,2,5,0822223333,ครูวิเชียร ดีเลิศ
66012,นาย,ขวัญชัย กล้าหาญ,ม.3,1,12,0833334444,"ครูอนันต์ ชัยชนะ, ครูพิมพ์ใจ รักดี"
66013,นาย,จิรายุ สุขสวัสดิ์,ม.4,3,2,0844445555,ครูธนา มุ่งมั่น
66014,นางสาว,ฉัตรดาว เพชรแท้,ม.5,1,18,0855556666,"ครูเกรียงศักดิ์ ช่างกล, ครูสุภาพ สร้างสรรค์"
66015,นาย,ชยพล เจริญยิ่ง,ม.6,2,7,0866667777,ครูนพรัตน์ ฝีมือดี
66016,นาย,ณัฐนนท์ เชี่ยวชาญ,ปวช.1,1,3,0877778888,ครูสุภาพ สร้างสรรค์
66017,นาย,เดโช ปราชญ์ดี,ปวช.2,2,9,0888889999,"ครูกิตติ มั่นคง, ครูสมศักดิ์ รักเรียน"
66018,นางสาว,ตระการตา ปัญญาเลิศ,ปวช.3,1,15,0899990000,ครูกานดา สวยงาม
